,date,personnel_ac,personnel_daily,aircraft,helicopter,tank,APC,field artillery,MRL,drone,naval ship,special equipment
0,2022-3-25,16100,300 ,115,125,561,1625,291,90,53,5,18
1,2022-3-26,16400,300 ,117,127,575,1640,293,91,56,7,19
2,2022-3-27,16600,200 ,121,127,582,1664,294,93,56,7,21
3,2022-3-28,17000,400 ,123,127,586,1694,302,95,66,7,21
4,2022-3-29,17200,200 ,127,129,597,1710,303,96,71,7,21
5,2022-3-30,17300,100 ,131,131,605,1723,305,96,81,7,21
6,2022-3-31,17500,200 ,135,131,614,1735,311,96,83,7,22
7,2022-4-1,17700,200 ,143,131,625,1751,316,96,85,7,24
8,2022-4-2,17800,100 ,143,134,631,1776,317,100,87,7,24
9,2022-4-3,18000,200 ,143,134,644,1830,325,105,89,7,24
10,2022-4-4,18300,300 ,147,134,647,1844,330,107,91,7,25
11,2022-4-5,18500,200 ,150,134,676,1858,332,107,94,7,25
12,2022-4-6,18600,100 ,150,135,684,1861,332,107,96,7,25
13,2022-4-7,18900,300 ,150,135,698,1891,332,108,111,7,25
14,2022-4-8,19000,100 ,150,135,700,1891,333,108,112,7,25
15,2022-4-9,19100,100 ,151,136,705,1895,335,108,112,7,25
16,2022-4-10,19300,200 ,152,137,722,1911,342,108,112,7,25
17,2022-4-11,19500,200 ,154,137,725,1923,347,111,119,7,25
18,2022-4-12,19600,100 ,157,140,732,1946,349,111,124,7,25
19,2022-4-13,19800,200 ,158,143,739,1964,358,115,132,7,25
20,2022-4-14,19900,100 ,160,144,753,1968,366,122,134,7,25
21,2022-4-15,20000,100 ,163,144,756,1976,366,122,135,8,25
22,2022-4-16,20100,100 ,163,145,762,1982,371,125,138,8,26
23,2022-4-17,20300,200 ,165,146,773,2002,376,127,148,8,27
24,2022-4-18,20600,300 ,167,147,790,2041,381,130,155,8,27
25,2022-4-19,20800,200 ,169,150,802,2063,386,132,158,8,27
26,2022-4-20,20900,100 ,171,150,815,2087,391,136,165,8,27
27,2022-4-21,21000,100 ,172,151,829,2118,393,136,166,8,27
28,2022-4-22,21200,200 ,176,153,838,2162,397,138,172,8,27
29,2022-4-23,21600,400 ,177,154,854,2205,403,143,182,8,27
30,2022-4-24,21800,200 ,179,154,873,2238,408,147,191,8,28
31,2022-4-25,21900,100 ,181,154,884,2258,411,149,201,8,28
32,2022-4-26,22100,200 ,184,154,918,2308,416,149,205,8,31
33,2022-4-27,22400,300 ,185,155,939,2342,421,149,207,8,31
34,2022-4-28,22800,400 ,187,155,970,2389,431,151,215,8,31
35,2022-4-29,23000,200 ,189,155,986,2418,435,151,229,8,31
36,2022-4-30,23200,200 ,190,155,1008,2445,436,151,232,8,32
37,2022-5-1,23500,300 ,192,155,1026,2471,451,151,245,8,32
38,2022-5-2,23800,300 ,194,155,1048,2519,459,152,271,8,38
39,2022-5-3,24200,400 ,194,155,1062,2567,475,162,291,10,38
40,2022-5-4,24500,300 ,194,155,1077,2610,491,163,303,10,38
41,2022-5-5,24700,200 ,196,155,1092,2651,499,169,312,10,38
42,2022-5-6,24900,200 ,199,155,1110,2686,502,171,324,11,38
43,2022-5-7,25100,200 ,199,155,1122,2713,509,172,341,11,38
44,2022-5-8,25500,400 ,199,156,1130,2741,509,179,360,12,39
45,2022-5-9,25650,150 ,199,158,1145,2764,513,185,377,12,41
46,2022-5-10,26000,350 ,199,158,1170,2808,519,185,380,12,41
47,2022-5-11,26350,350 ,199,160,1187,2856,528,185,390,12,41
48,2022-5-12,26650,300 ,199,161,1195,2873,534,191,398,13,41
49,2022-5-13,26900,250 ,200,162,1205,2900,542,193,405,13,41
50,2022-5-14,27200,300 ,200,163,1218,2934,551,195,411,13,42
51,2022-5-15,27400,200 ,200,164,1220,2958,555,195,416,13,42
52,2022-5-16,27700,300 ,200,165,1228,2974,577,195,427,13,42
53,2022-5-17,27900,200 ,201,167,1235,3009,578,198,436,13,43
54,2022-5-18,28300,400 ,202,167,1251,3043,586,199,441,13,43
55,2022-5-19,28500,200 ,203,167,1254,3063,595,199,455,13,43
56,2022-5-20,28700,200 ,204,168,1263,3090,596,200,460,13,43
57,2022-5-21,28850,150 ,204,169,1278,3116,596,201,462,13,43
58,2022-5-22,29050,200 ,204,170,1285,3141,599,201,470,13,43
59,2022-5-23,29200,150 ,204,170,1293,3166,604,201,476,13,43
60,2022-5-24,29350,150 ,205,170,1302,3194,606,201,480,13,43
61,2022-5-25,29450,100 ,206,170,1305,3213,606,201,491,13,44
62,2022-5-26,29600,150 ,206,170,1315,3235,617,201,502,13,47
63,2022-5-27,29750,150 ,206,170,1322,3246,623,201,503,13,48
64,2022-5-28,30000,250 ,207,174,1330,3258,628,203,503,13,48
65,2022-5-29,30150,150 ,207,174,1338,3270,631,203,504,13,48
66,2022-5-30,30350,200 ,207,174,1349,3282,643,205,507,13,48
67,2022-5-31,30500,150 ,208,174,1358,3302,649,207,515,13,48
68,2022-6-1,30700,200 ,208,175,1361,3343,659,207,519,13,49
69,2022-6-2,30850,150 ,210,175,1363,3354,661,207,521,13,51
70,2022-6-3,30950,100 ,210,175,1367,3366,675,207,535,13,51
71,2022-6-4,31050,100 ,210,175,1376,3379,680,207,540,13,52
72,2022-6-5,31150,100 ,210,175,1381,3392,686,207,548,13,53
73,2022-6-6,31250,100 ,211,176,1386,3400,690,207,551,13,53
74,2022-6-7,31360,110 ,212,177,1390,3416,694,207,553,13,53
75,2022-6-8,31500,140 ,212,178,1393,3429,703,213,559,13,53
76,2022-6-9,31700,200 ,212,178,1398,3438,711,213,562,13,53
77,2022-6-10,31900,200 ,212,178,1409,3450,712,222,572,13,54
78,2022-6-11,32050,150 ,212,178,1419,3466,712,222,579,13,54
79,2022-6-12,32150,100 ,212,178,1430,3484,715,226,582,13,54
80,2022-6-13,32300,150 ,213,178,1432,3492,718,226,585,13,54
81,2022-6-14,32500,200 ,213,179,1434,3503,721,229,588,13,54
82,2022-6-15,32750,250 ,213,179,1440,3528,722,230,591,13,55
83,2022-6-16,32950,200 ,213,179,1449,3545,729,233,591,13,55
84,2022-6-17,33150,200 ,215,180,1456,3563,734,233,593,13,55
85,2022-6-18,33350,200 ,216,180,1465,3573,739,233,594,14,55
86,2022-6-19,33600,250 ,216,181,1468,3577,745,235,598,14,55
87,2022-6-20,33800,200 ,216,181,1477,3588,749,238,601,14,55
88,2022-6-21,34100,300 ,216,181,1496,3606,752,239,611,14,59
89,2022-6-22,34230,130 ,216,182,1496,3614,752,239,614,14,60
90,2022-6-23,34430,200 ,216,183,1504,3632,756,240,620,14,60
91,2022-6-24,34530,100 ,216,183,1507,3637,759,241,622,14,60
92,2022-6-25,34700,170 ,217,184,1511,3645,764,241,626,14,60
93,2022-6-26,34850,150 ,217,184,1532,3659,764,243,630,14,60
94,2022-6-27,35000,150 ,217,184,1552,3687,771,243,636,14,60
95,2022-6-28,35250,250 ,217,185,1567,3704,778,243,636,14,61
96,2022-6-29,35450,200 ,217,185,1572,3720,781,246,640,14,61
97,2022-6-30,35600,150 ,217,185,1573,3726,790,246,641,14,61
98,2022-7-1,35750,150 ,217,186,1577,3736,796,246,645,15,61
99,2022-7-2,35870,120 ,217,186,1582,3737,800,246,653,15,61
100,2022-7-3,35970,100 ,217,187,1584,3744,801,246,654,15,64
101,2022-7-4,36200,230 ,217,187,1589,3744,804,246,658,15,65
102,2022-7-5,36350,150 ,217,187,1594,3772,806,247,660,15,65
103,2022-7-6,36500,150 ,217,187,1600,3789,806,247,664,15,65
104,2022-7-7,36650,150 ,217,187,1602,3797,815,247,667,15,66
105,2022-7-8,36900,250 ,217,187,1637,3811,828,247,669,15,66
106,2022-7-9,37200,300 ,217,187,1638,3815,832,247,674,15,66
107,2022-7-10,37300,100 ,217,188,1641,3823,834,247,676,15,66
108,2022-7-11,37400,100 ,217,188,1645,3828,838,247,676,15,66
109,2022-7-12,37470,70 ,217,188,1649,3829,838,247,676,15,66
110,2022-7-13,37570,100 ,217,188,1649,3832,839,247,678,15,67
111,2022-7-14,37870,300 ,219,188,1667,3832,840,247,681,15,67
112,2022-7-15,38000,130 ,220,188,1672,3866,842,247,681,15,67
113,2022-7-16,38140,140 ,220,188,1677,3874,846,247,687,15,68
114,2022-7-17,38300,160 ,220,188,1684,3879,846,248,688,15,68
115,2022-7-18,38450,150 ,220,188,1687,3886,849,248,690,15,70
116,2022-7-19,38550,100 ,220,188,1691,3892,851,248,693,15,70
117,2022-7-20,38750,200 ,221,188,1700,3905,856,250,703,15,70
118,2022-7-21,38850,100 ,221,188,1704,3912,859,251,710,15,72
119,2022-7-22,39000,150 ,221,188,1704,3920,863,251,713,15,72
120,2022-7-23,39240,240 ,221,188,1708,3929,864,253,714,15,72
121,2022-7-24,39520,280 ,221,188,1722,3942,869,255,714,15,73
122,2022-7-25,39700,180 ,222,188,1730,3950,876,257,719,15,73
123,2022-7-26,39870,170 ,222,189,1737,3959,880,258,722,15,75
124,2022-7-27,40070,200 ,222,190,1738,3971,883,258,726,15,75
125,2022-7-28,40230,160 ,222,190,1742,3979,894,258,729,15,75
126,2022-7-29,40500,270 ,222,190,1749,3987,900,258,731,15,77
127,2022-7-30,40670,170 ,222,190,1759,3995,906,258,733,15,78
128,2022-7-31,40830,160 ,223,190,1763,4004,916,259,735,15,80
129,2022-8-1,41030,200 ,223,190,1768,4011,932,259,736,15,82
130,2022-8-2,41170,140 ,223,191,1768,4014,936,259,739,15,82
131,2022-8-3,41350,180 ,223,191,1774,4022,939,259,740,15,83
132,2022-8-4,41500,150 ,223,191,1789,4026,946,260,742,15,83
133,2022-8-5,41650,150 ,223,191,1792,4032,950,260,742,15,83
134,2022-8-6,41900,250 ,223,191,1802,4051,955,260,744,15,85
135,2022-8-7,42200,300 ,223,191,1805,4055,958,260,750,15,86
136,2022-8-8,42340,140 ,223,192,1811,4070,960,261,754,15,86
137,2022-8-9,42640,300 ,223,193,1817,4076,964,261,757,15,87
138,2022-8-10,42800,160 ,232,193,1832,4086,971,261,766,15,89
139,2022-8-11,43000,200 ,232,193,1846,4100,974,261,772,15,90
140,2022-8-12,43200,200 ,233,193,1849,4108,975,261,778,15,90
141,2022-8-13,43400,200 ,233,193,1856,4115,978,261,779,15,91
142,2022-8-14,43550,150 ,233,194,1864,4126,980,261,784,15,91
143,2022-8-15,43750,200 ,233,195,1876,4141,985,261,787,15,92
144,2022-8-16,43900,150 ,233,196,1880,4152,989,263,790,15,92
145,2022-8-17,44100,200 ,233,196,1886,4162,993,263,792,15,93
146,2022-8-18,44300,200 ,234,197,1889,4179,1010,265,793,15,93
147,2022-8-19,44700,400 ,234,197,1899,4195,1016,266,795,15,94
148,2022-8-20,44900,200 ,234,197,1907,4212,1018,266,803,15,97
149,2022-8-21,45200,300 ,234,197,1912,4224,1028,266,806,15,99
150,2022-8-22,45400,200 ,234,198,1919,4230,1032,266,815,15,99
151,2022-8-23,45550,150 ,234,198,1921,4238,1033,266,817,15,99
152,2022-8-24,45700,150 ,234,199,1924,4243,1036,266,819,15,99
153,2022-8-25,45850,150 ,234,202,1929,4245,1037,272,828,15,99
154,2022-8-26,46250,400 ,234,202,1936,4251,1040,272,834,15,99
155,2022-8-27,46500,250 ,234,202,1939,4254,1045,274,836,15,99
156,2022-8-28,46750,250 ,234,202,1942,4257,1050,274,838,15,99
157,2022-8-29,47100,350 ,234,203,1947,4269,1060,279,844,15,101
158,2022-8-30,47550,450 ,234,204,1954,4294,1079,282,847,15,103
159,2022-8-31,47900,350 ,234,204,1974,4312,1091,285,849,15,103
160,2022-9-1,48350,450 ,234,205,1997,4345,1115,287,851,15,104
161,2022-9-2,48700,350 ,234,205,2009,4366,1126,289,853,15,105
162,2022-9-3,49050,350 ,235,205,2034,4403,1134,293,864,15,105
163,2022-9-4,49500,450 ,236,206,2049,4430,1147,294,864,15,106
164,2022-9-5,49800,300 ,236,206,2068,4459,1157,294,867,15,107
165,2022-9-6,50150,350 ,236,207,2077,4484,1179,296,876,15,109
166,2022-9-7,50610,460 ,237,208,2097,4520,1194,300,880,15,109
167,2022-9-8,51250,640 ,239,210,2112,4557,1226,305,884,15,110
168,2022-9-9,51900,650 ,239,211,2122,4575,1237,306,888,15,114
169,2022-9-10,52250,350 ,239,212,2136,4584,1259,311,898,15,116
170,2022-9-11,52650,400 ,242,213,2154,4617,1263,311,902,15,117
171,2022-9-12,52950,300 ,243,213,2169,4640,1263,311,903,15,117
172,2022-9-13,53300,350 ,244,213,2175,4662,1279,311,904,15,117
173,2022-9-14,53650,350 ,246,215,2180,4665,1290,311,908,15,120
174,2022-9-15,53850,200 ,250,215,2193,4682,1295,311,908,15,120
175,2022-9-16,54050,200 ,250,216,2199,4690,1302,312,908,15,121
176,2022-9-17,54250,200 ,251,216,2202,4701,1306,312,911,15,121
177,2022-9-18,54480,230 ,251,217,2210,4718,1309,312,918,15,122
178,2022-9-19,54650,170 ,251,217,2212,4720,1313,312,920,15,125
179,2022-9-20,54810,160 ,252,217,2216,4724,1323,318,925,15,125
180,2022-9-21,55110,300 ,253,217,2227,4748,1340,318,932,15,125
181,2022-9-22,55510,400 ,253,218,2236,4776,1341,318,941,15,125
182,2022-9-23,56060,550 ,254,219,2254,4796,1355,326,950,15,126
183,2022-9-24,56300,240 ,255,220,2262,4807,1361,327,956,15,126
184,2022-9-25,56700,400 ,259,220,2275,4832,1368,328,966,15,130
185,2022-9-26,57200,500 ,260,224,2290,4857,1369,330,970,15,131
186,2022-9-27,57750,550 ,261,224,2306,4881,1378,331,977,15,131
187,2022-9-28,58150,400 ,262,224,2312,4889,1381,331,989,15,131
188,2022-9-29,58580,430 ,262,224,2325,4909,1385,331,995,15,131
189,2022-9-30,59080,500 ,264,225,2338,4932,1391,333,1003,15,131
190,2022-10-1,59610,530 ,264,226,2354,4949,1397,336,1009,15,131
191,2022-10-2,60110,500 ,264,227,2377,4975,1405,337,1015,15,131
192,2022-10-3,60430,320 ,265,228,2380,4991,1405,338,1026,15,131
193,2022-10-4,60800,370 ,266,228,2424,5018,1407,340,1028,15,131
194,2022-10-5,61000,200 ,266,232,2435,5038,1414,341,1032,15,132
195,2022-10-6,61330,330 ,266,232,2449,5064,1424,344,1047,15,134
196,2022-10-7,61680,350 ,266,233,2466,5093,1455,344,1067,15,135
197,2022-10-8,62060,380 ,266,234,2472,5111,1459,345,1079,15,136
198,2022-10-9,62500,440 ,266,235,2486,5133,1477,348,1086,15,136
199,2022-10-10,62870,370 ,267,235,2495,5149,1486,353,1097,15,136
200,2022-10-11,63110,240 ,268,235,2504,5162,1496,353,1114,15,136
201,2022-10-12,63380,270 ,268,235,2505,5181,1507,355,1129,15,136
202,2022-10-13,63800,420 ,268,240,2511,5167,1556,357,1182,16,140
203,2022-10-14,64300,500 ,268,240,2521,5172,1566,362,1199,16,142
204,2022-10-15,64700,400 ,268,242,2524,5179,1582,365,1210,16,142
205,2022-10-16,65000,300 ,268,242,2529,5193,1589,365,1224,16,143
206,2022-10-17,65320,320 ,268,242,2537,5205,1599,366,1241,16,144
207,2022-10-18,65850,530 ,268,242,2548,5219,1622,372,1276,16,144
208,2022-10-19,66280,430 ,269,242,2554,5235,1637,372,1286,16,146
209,2022-10-20,66650,370 ,269,243,2567,5255,1646,372,1311,16,147
210,2022-10-21,66750,100 ,269,243,2573,5258,1648,372,1325,16,147
211,2022-10-22,67070,320 ,270,243,2579,5266,1653,373,1341,16,148
212,2022-10-23,67470,400 ,270,245,2584,5284,1667,374,1361,16,148
213,2022-10-24,67940,470 ,270,245,2590,5295,1673,375,1370,16,149
214,2022-10-25,68420,480 ,271,248,2611,5321,1674,377,1372,16,149
215,2022-10-26,68900,480 ,271,248,2628,5351,1686,379,1379,16,149
216,2022-10-27,69220,320 ,271,249,2631,5364,1690,379,1398,16,150
217,2022-10-28,69700,480 ,272,251,2640,5378,1698,379,1401,16,151
218,2022-10-29,70250,550 ,273,252,2659,5401,1708,380,1406,16,152
219,2022-10-30,71200,950 ,274,252,2672,5453,1724,383,1412,16,154
220,2022-10-31,71820,620 ,275,253,2686,5485,1728,383,1413,16,154
221,2022-11-1,72470,650 ,276,257,2698,5501,1730,383,1415,16,154
222,2022-11-2,73270,800 ,277,258,2714,5525,1733,387,1438,16,154
223,2022-11-3,74000,730 ,277,258,2734,5552,1755,390,1442,16,155
224,2022-11-4,74840,840 ,277,258,2750,5580,1772,391,1450,16,155
225,2022-11-5,75440,600 ,277,260,2758,5601,1776,391,1462,16,155
226,2022-11-6,75930,490 ,277,260,2765,5611,1781,391,1465,16,155
227,2022-11-7,76460,530 ,277,260,2771,5630,1782,391,1472,16,157
228,2022-11-8,77170,710 ,278,260,2786,5654,1791,391,1476,16,159
229,2022-11-9,77950,780 ,278,260,2801,5666,1802,393,1483,16,159
230,2022-11-10,78690,740 ,278,260,2804,5682,1805,393,1499,16,159
231,2022-11-11,79400,710 ,278,261,2814,5696,1817,393,1505,16,159
232,2022-11-12,80210,810 ,278,261,2838,5730,1829,393,1506,16,160
233,2022-11-13,80860,650 ,278,261,2840,5742,1837,393,1507,16,160
234,2022-11-14,81370,510 ,278,261,2848,5748,1839,393,1509,16,160
235,2022-11-15,82080,710 ,278,261,2861,5773,1850,393,1511,16,160
236,2022-11-16,82710,630 ,278,261,2871,5797,1860,393,1525,16,160
237,2022-11-17,83110,400 ,278,261,2878,5804,1860,393,1531,16,160
238,2022-11-18,83460,350 ,278,261,2879,5808,1865,393,1536,16,161
239,2022-11-19,83880,420 ,278,261,2885,5815,1867,393,1536,16,161
240,2022-11-20,84210,330 ,278,261,2886,5817,1868,393,1537,16,161
241,2022-11-21,84600,390 ,278,261,2892,5822,1870,393,1537,16,161
242,2022-11-22,85000,400 ,278,261,2895,5827,1882,395,1537,16,161
243,2022-11-23,85410,410 ,278,261,2897,5832,1887,395,1537,16,161
244,2022-11-24,85720,310 ,278,261,2898,5837,1889,395,1547,16,161
245,2022-11-25,86150,430 ,278,261,2899,5844,1895,395,1553,16,163
246,2022-11-26,86710,560 ,278,261,2901,5848,1896,395,1554,16,163
247,2022-11-27,87310,600 ,278,261,2905,5856,1897,395,1555,16,163
248,2022-11-28,87900,590 ,278,261,2908,5861,1899,395,1555,16,163
249,2022-11-29,88380,480 ,280,261,2911,5866,1901,395,1555,16,163
250,2022-11-30,88880,500 ,280,261,2914,5872,1902,395,1562,16,163
251,2022-12-1,89440,560 ,280,261,2915,5877,1904,395,1562,16,163
252,2022-12-2,90090,650 ,280,262,2916,5883,1905,395,1564,16,163
253,2022-12-3,90600,510 ,280,263,2917,5886,1906,395,1572,16,163
254,2022-12-4,91150,550 ,281,263,2922,5892,1908,395,1573,16,163
255,2022-12-5,91690,540 ,281,264,2924,5900,1914,395,1582,16,163
256,2022-12-6,92200,510 ,281,264,2929,5905,1915,395,1587,16,163
257,2022-12-7,92740,540 ,281,264,2935,5909,1923,395,1601,16,163
258,2022-12-8,93080,340 ,281,264,2937,5911,1925,395,1603,16,164
259,2022-12-9,93390,310 ,281,264,2937,5912,1926,395,1603,16,164
260,2022-12-10,93760,370 ,281,264,2940,5917,1927,397,1603,16,167
261,2022-12-11,94140,380 ,281,264,2942,5920,1928,397,1613,16,167
262,2022-12-12,94760,620 ,281,264,2966,5928,1929,397,1617,16,169
263,2022-12-13,95260,500 ,281,264,2966,5930,1931,404,1617,16,170
264,2022-12-14,96000,740 ,281,264,2970,5937,1931,404,1617,16,171
265,2022-12-15,96590,590 ,281,264,2975,5946,1943,406,1644,16,172
266,2022-12-16,97270,680 ,281,264,2980,5952,1946,410,1648,16,172
267,2022-12-17,97690,420 ,281,264,2985,5958,1947,410,1648,16,174
268,2022-12-18,98280,590 ,281,264,2987,5963,1948,410,1649,16,174
269,2022-12-19,98800,520 ,281,264,2988,5969,1953,410,1657,16,175
270,2022-12-20,99230,430 ,281,266,2995,5974,1960,410,1680,16,177
271,2022-12-21,99740,510 ,282,267,3002,5979,1972,412,1688,16,178
272,2022-12-22,100400,660 ,283,267,3002,5981,1978,413,1693,16,178
273,2022-12-23,100950,550 ,283,267,3005,5986,1984,414,1698,16,178
274,2022-12-24,101430,480 ,283,267,3006,5994,1988,418,1706,16,178
275,2022-12-25,102050,620 ,283,267,3011,6010,1991,418,1706,16,178
276,2022-12-26,102600,550 ,283,267,3016,6017,1996,418,1707,16,178
277,2022-12-27,103220,620 ,283,267,3016,6024,1998,418,1707,16,179
278,2022-12-28,103770,550 ,283,267,3017,6037,1999,418,1707,16,179
279,2022-12-29,104560,790 ,283,268,3018,6047,2004,423,1717,16,179
280,2022-12-30,105250,690 ,283,268,3026,6059,2010,423,1740,16,180
281,2022-12-31,105960,710 ,283,269,3029,6075,2016,423,1746,16,180
282,2023-1-1,106720,760 ,283,269,3031,6084,2021,423,1792,16,181
283,2023-1-2,107440,720 ,283,269,3031,6093,2027,423,1836,16,181
284,2023-1-3,108190,750 ,283,270,3036,6100,2033,424,1839,16,181
285,2023-1-4,108910,720 ,283,270,3038,6106,2039,424,1842,16,181
286,2023-1-5,109720,810 ,284,271,3041,6108,2051,426,1844,16,182
287,2023-1-6,110250,530 ,285,272,3064,6124,2059,431,1844,16,182
288,2023-1-7,110740,490 ,285,272,3066,6125,2062,431,1844,16,182
289,2023-1-8,111170,430 ,285,272,3069,6130,2065,431,1849,16,183
290,2023-1-9,111760,590 ,285,275,3080,6147,2069,434,1856,16,183
291,2023-1-10,112470,710 ,285,275,3084,6154,2073,434,1860,17,183
292,2023-1-11,112960,490 ,285,275,3094,6159,2078,437,1862,17,184
293,2023-1-12,113390,430 ,285,276,3094,6159,2082,437,1865,17,184
294,2023-1-13,114130,740 ,286,276,3098,6167,2086,437,1865,17,184
295,2023-1-14,114660,530 ,286,276,3104,6173,2090,437,1867,17,186
296,2023-1-15,115290,630 ,286,276,3106,6183,2094,437,1872,17,187
297,2023-1-16,116080,790 ,286,276,3118,6204,2099,438,1872,17,190
298,2023-1-17,116950,870 ,286,276,3121,6215,2104,441,1872,17,190
299,2023-1-18,117770,820 ,287,276,3130,6215,2108,442,1876,17,190
300,2023-1-19,118530,760 ,287,277,3136,6235,2122,442,1882,17,190
301,2023-1-20,119300,770 ,287,277,3139,6241,2129,442,1886,17,190
302,2023-1-21,120160,860 ,287,277,3140,6256,2135,443,1891,17,193
303,2023-1-22,120760,600 ,287,277,3145,6268,2144,445,1892,17,193
304,2023-1-23,121480,720 ,287,277,3150,6276,2146,447,1894,18,193
305,2023-1-24,122170,690 ,289,281,3152,6284,2148,448,1897,18,194
306,2023-1-25,123080,910 ,290,281,3161,6307,2154,450,1902,18,194
307,2023-1-26,123860,780 ,292,282,3175,6334,2169,452,1908,18,195
308,2023-1-27,124710,850 ,292,283,3182,6340,2180,452,1941,18,199
309,2023-1-28,125510,800 ,293,284,3189,6344,2188,453,1947,18,199
310,2023-1-29,126160,650 ,293,284,3197,6366,2195,453,1947,18,199
311,2023-1-30,126650,490 ,293,284,3201,6369,2196,453,1947,18,199
312,2023-1-31,127500,850 ,293,284,3201,6378,2197,454,1951,18,200
313,2023-2-1,128420,920 ,293,284,3209,6382,2207,458,1951,18,200
314,2023-2-2,129030,610 ,293,284,3211,6382,2212,458,1951,18,200
315,2023-2-3,129870,840 ,294,284,3215,6388,2215,460,1952,18,202
316,2023-2-4,130590,720 ,294,284,3218,6394,2220,460,1956,18,203
317,2023-2-5,131290,700 ,294,284,3220,6405,2226,460,1958,18,203
318,2023-2-6,132160,870 ,294,284,3231,6415,2231,461,1958,18,203
319,2023-2-7,133190,1030 ,294,284,3245,6443,2232,461,1958,18,208
320,2023-2-8,134100,910 ,295,285,3253,6458,2236,461,1961,18,211
321,2023-2-9,135010,910 ,295,285,3255,6468,2244,463,1967,18,211
322,2023-2-10,135740,730 ,295,286,3258,6471,2251,463,1970,18,211
323,2023-2-11,136880,1140 ,295,286,3267,6474,2270,463,1997,18,214
324,2023-2-12,137780,900 ,296,286,3280,6488,2287,465,2007,18,215
325,2023-2-13,138340,560 ,296,286,3283,6492,2290,465,2007,18,217
326,2023-2-14,139080,740 ,298,286,3286,6500,2299,466,2011,18,218
327,2023-2-15,139770,690 ,298,286,3290,6507,2303,466,2011,18,219
328,2023-2-16,140460,690 ,298,287,3296,6517,2306,466,2012,18,219
329,2023-2-17,141260,800 ,298,287,3298,6520,2322,467,2013,18,221
330,2023-2-18,142270,1010 ,298,287,3303,6533,2326,469,2016,18,223
331,2023-2-19,142860,590 ,298,287,3310,6545,2327,469,2016,18,224
332,2023-2-20,143680,820 ,299,287,3316,6553,2334,471,2018,18,225
333,2023-2-21,144440,760 ,299,287,3326,6562,2338,471,2023,18,226
334,2023-2-22,145060,620 ,299,287,3334,6569,2345,471,2026,18,226
335,2023-2-23,145850,790 ,299,287,3350,6593,2352,471,2029,18,228
336,2023-2-24,146820,970 ,299,287,3363,6600,2363,474,2033,18,229
337,2023-2-25,147470,650 ,299,288,3375,6609,2373,475,2035,18,230
338,2023-2-26,148130,660 ,299,288,3381,6615,2380,475,2037,18,230
339,2023-2-27,148690,560 ,300,288,3385,6621,2380,475,2048,18,230
340,2023-2-28,149240,550 ,300,288,3388,6630,2383,478,2051,18,230
341,2023-3-1,149890,650 ,300,288,3395,6638,2393,479,2055,18,230
342,2023-3-2,150605,715 ,300,288,3397,6658,2398,480,2058,18,230
343,2023-3-3,151370,765 ,301,289,3405,6673,2402,484,2061,18,230
344,2023-3-4,152190,820 ,302,289,3409,6683,2414,487,2066,18,230
345,2023-3-5,153120,930 ,302,289,3414,6692,2426,488,2071,18,232
346,2023-3-6,153770,650 ,302,289,3423,6703,2433,488,2086,18,234
347,2023-3-7,154830,1060 ,303,289,3432,6714,2456,488,2095,18,236
348,2023-3-8,155530,700 ,303,289,3436,6723,2463,488,2098,18,236
349,2023-3-9,156120,590 ,303,289,3441,6736,2465,488,2098,18,237
350,2023-3-10,156990,870 ,304,289,3448,6742,2475,491,2107,18,240
351,2023-3-11,158000,1010 ,304,289,3458,6762,2483,493,2108,18,242
352,2023-3-12,159090,1090 ,304,289,3466,6769,2487,493,2108,18,242
353,2023-3-13,159800,710 ,304,289,3474,6774,2503,493,2109,18,251
354,2023-3-14,160540,740 ,304,289,3484,6789,2519,495,2120,18,256
355,2023-3-15,161520,980 ,304,289,3492,6799,2528,502,2132,18,257
356,2023-3-16,162560,1040 ,305,289,3504,6810,2539,503,2145,18,257
357,2023-3-17,163320,760 ,305,290,3506,6823,2552,504,2145,18,258
358,2023-3-18,164200,880 ,305,290,3511,6830,2560,506,2159,18,259
359,2023-3-19,164910,710 ,305,290,3532,6853,2568,507,2159,18,262
360,2023-3-20,165610,700 ,305,290,3537,6869,2577,507,2160,18,265
361,2023-3-21,166570,960 ,305,290,3552,6879,2586,507,2167,18,266
362,2023-3-22,167490,920 ,305,290,3557,6887,2589,509,2183,18,270
363,2023-3-23,168150,660 ,305,290,3570,6898,2608,511,2203,18,273
364,2023-3-24,169170,1020 ,305,290,3574,6921,2616,511,2208,18,277
365,2023-3-25,169890,720 ,305,291,3580,6932,2623,520,2214,18,279
366,2023-3-26,170550,660 ,305,291,3595,6947,2631,522,2216,18,282
367,2023-3-27,171160,610 ,305,291,3595,6953,2638,523,2216,18,285
368,2023-3-28,171730,570 ,305,291,3602,6966,2653,525,2235,18,287
369,2023-3-29,172340,610 ,306,291,3609,6966,2659,526,2239,18,288
370,2023-3-30,172900,560 ,306,291,3610,6974,2671,526,2239,18,291
371,2023-3-31,173360,460 ,306,291,3615,6977,2675,526,2248,18,294
372,2023-4-1,173990,630 ,306,291,3616,6981,2683,527,2248,18,296
373,2023-4-2,174550,560 ,306,291,3618,6986,2687,527,2249,18,296
374,2023-4-3,175160,610 ,306,291,3619,6993,2694,527,2262,18,298
375,2023-4-4,175690,530 ,306,291,3627,6999,2697,528,2277,18,298
376,2023-4-5,176240,550 ,306,291,3629,7005,2707,532,2283,18,299
377,2023-4-6,176630,390 ,306,292,3631,7013,2714,532,2287,18,302
378,2023-4-7,177110,480 ,306,292,3633,7016,2722,533,2291,18,304
379,2023-4-8,177680,570 ,307,292,3636,7020,2727,533,2298,18,304
380,2023-4-9,178150,470 ,307,292,3636,7024,2740,533,2312,18,309
381,2023-4-10,178820,670 ,307,292,3637,7028,2750,534,2323,18,311
382,2023-4-11,179320,500 ,307,293,3644,7038,2765,535,2332,18,316
383,2023-4-12,180050,730 ,307,293,3646,7043,2770,535,2334,18,319
384,2023-4-13,180590,540 ,307,293,3646,7053,2777,535,2339,18,320
385,2023-4-14,181090,500 ,307,293,3650,7069,2784,535,2339,18,321
386,2023-4-15,181550,460 ,307,293,3653,7073,2785,535,2339,18,324
387,2023-4-16,182070,520 ,308,293,3657,7083,2795,538,2339,18,326
388,2023-4-17,182660,590 ,308,293,3660,7087,2804,538,2347,18,328
389,2023-4-18,183130,470 ,308,293,3661,7098,2810,538,2353,18,330
390,2023-4-19,183750,620 ,308,293,3665,7110,2819,538,2376,18,330
391,2023-4-20,184420,670 ,308,293,3667,7120,2825,539,2386,18,332
392,2023-4-21,185050,630 ,308,293,3668,7126,2827,539,2394,18,334
393,2023-4-22,185730,680 ,308,293,3672,7130,2832,539,2398,18,337
394,2023-4-23,186420,690 ,308,294,3675,7131,2837,539,2402,18,339
395,2023-4-24,187080,660 ,308,294,3683,7139,2849,539,2413,18,339
396,2023-4-25,187770,690 ,308,294,3688,7151,2863,539,2437,18,345
397,2023-4-26,188410,640 ,308,294,3692,7162,2877,539,2440,18,352
398,2023-4-27,188920,510 ,308,294,3694,7178,2887,542,2461,18,352
399,2023-4-28,189460,540 ,308,294,3694,7181,2905,543,2467,18,353
400,2023-4-29,190040,580 ,308,294,3697,7184,2908,543,2471,18,355
401,2023-4-30,190510,470 ,308,294,3699,7189,2914,544,2475,18,357
402,2023-5-1,190960,450 ,308,294,3700,7192,2921,544,2476,18,359
403,2023-5-2,191420,460 ,308,294,3701,7193,2930,544,2477,18,360
404,2023-5-3,191940,520 ,308,294,3702,7199,2946,544,2505,18,363
405,2023-5-4,192590,650 ,308,294,3707,7216,2962,547,2523,18,370
406,2023-5-5,193210,620 ,308,294,3710,7224,2978,550,2540,18,373
407,2023-5-6,193770,560 ,308,294,3717,7238,2992,552,2554,18,375
408,2023-5-7,194430,660 ,308,294,3723,7248,3010,554,2572,18,380
409,2023-5-8,194970,540 ,308,294,3730,7253,3018,554,2614,18,384
410,2023-5-9,195620,650 ,308,294,3734,7257,3031,554,2618,18,388
411,2023-5-10,196310,690 ,308,294,3736,7275,3039,555,2624,18,389
412,2023-5-11,196920,610 ,308,294,3740,7287,3053,557,2627,18,391
413,2023-5-12,197670,750 ,308,294,3745,7295,3068,559,2636,18,393
414,2023-5-13,198260,590 ,308,294,3751,7307,3095,561,2665,18,402
415,2023-5-14,198880,620 ,308,294,3756,7325,3116,562,2696,18,404
416,2023-5-15,199460,580 ,308,294,3759,7336,3137,562,2720,18,407
417,2023-5-16,199980,520 ,308,294,3762,7348,3150,562,2732,18,410
418,2023-5-17,200590,610 ,308,294,3771,7365,3166,562,2748,18,417
419,2023-5-18,201100,510 ,308,294,3773,7373,3198,563,2759,18,418
420,2023-5-19,201760,660 ,308,294,3777,7377,3210,564,2769,18,419
421,2023-5-20,202430,670 ,308,294,3781,7382,3229,564,2801,18,423
422,2023-5-21,203160,730 ,308,294,3783,7398,3258,564,2822,18,425
423,2023-5-22,203880,720 ,309,294,3785,7407,3278,565,2830,18,427
424,2023-5-23,204360,480 ,309,295,3789,7419,3318,565,2864,18,433
425,2023-5-24,204760,400 ,309,296,3792,7424,3339,570,2871,18,440
426,2023-5-25,205260,500 ,309,296,3795,7432,3359,570,2907,18,444
427,2023-5-26,205720,460 ,310,296,3796,7435,3384,570,2910,18,446
428,2023-5-27,206200,480 ,310,296,3799,7442,3406,572,2941,18,449
429,2023-5-28,206600,400 ,313,298,3797,7456,3425,574,2993,18,451
430,2023-5-29,207030,430 ,313,298,3801,7467,3435,575,3054,18,453
431,2023-5-30,207440,410 ,313,298,3802,7469,3445,575,3092,18,454
432,2023-5-31,207910,470 ,313,298,3802,7472,3460,575,3124,18,454
433,2023-6-1,208370,460 ,313,298,3804,7478,3474,575,3131,18,458
434,2023-6-2,208910,540 ,313,298,3819,7490,3501,575,3137,18,465
435,2023-6-3,209470,560 ,313,298,3829,7502,3533,582,3165,18,475
436,2023-6-4,209940,470 ,313,298,3837,7512,3555,583,3175,18,479
437,2023-6-5,210350,410 ,313,298,3848,7523,3567,584,3189,18,484
438,2023-6-6,211150,800 ,313,299,3860,7543,3603,590,3212,18,489
439,2023-6-7,212030,880 ,314,299,3873,7560,3640,594,3219,18,492
440,2023-6-8,212760,730 ,314,299,3891,7576,3668,595,3234,18,500
441,2023-6-9,213770,1010 ,314,299,3901,7600,3702,599,3247,18,502
442,2023-6-10,214660,890 ,314,299,3909,7607,3717,600,3263,18,507
443,2023-6-11,215640,980 ,314,299,3926,7631,3736,601,3300,18,509
444,2023-6-12,216180,540 ,314,299,3931,7636,3746,601,3307,18,510
445,2023-6-13,216650,470 ,314,300,3935,7642,3766,601,3309,18,511
446,2023-6-14,217330,680 ,314,300,3943,7653,3783,603,3324,18,516
447,2023-6-15,217910,580 ,314,301,3955,7667,3793,604,3333,18,519
448,2023-6-16,218500,590 ,314,301,3965,7683,3812,606,3357,18,519
449,2023-6-17,219170,670 ,314,302,3977,7706,3834,609,3364,18,520
450,2023-6-18,219820,650 ,314,304,3984,7729,3847,610,3371,18,522
451,2023-6-19,220450,630 ,314,305,3989,7735,3865,610,3383,18,526
452,2023-6-20,221460,1010 ,314,306,3997,7750,3888,614,3393,18,531
453,2023-6-21,222000,540 ,314,306,4006,7771,3920,615,3428,18,539
454,2023-6-22,222650,650 ,314,307,4013,7783,3941,617,3438,18,539
455,2023-6-23,223330,680 ,314,307,4017,7798,3985,617,3447,18,545
456,2023-6-24,223910,580 ,314,308,4024,7804,4015,619,3460,18,548
457,2023-6-25,224630,720 ,314,308,4030,7806,4034,624,3472,18,552
458,2023-6-26,225580,950 ,314,308,4031,7820,4055,624,3482,18,557
459,2023-6-27,226170,590 ,314,308,4036,7834,4083,626,3492,18,563
460,2023-6-28,227100,930 ,314,308,4036,7847,4089,627,3499,18,563
461,2023-6-29,227780,680 ,315,308,4038,7857,4116,627,3513,18,569
462,2023-6-30,228340,560 ,315,308,4041,7863,4127,630,3519,18,569
463,2023-7-1,228870,530 ,315,308,4042,7868,4162,632,3545,18,580
464,2023-7-2,229660,790 ,315,308,4052,7888,4188,637,3557,18,583
465,2023-7-3,230260,600 ,315,309,4057,7899,4220,641,3573,18,590
466,2023-7-4,231030,770 ,315,309,4059,7908,4252,647,3602,18,590
467,2023-7-5,231700,670 ,315,309,4062,7917,4288,656,3614,18,598
468,2023-7-6,232300,600 ,315,309,4068,7932,4310,657,3635,18,605
469,2023-7-7,232810,510 ,315,309,4070,7944,4330,658,3652,18,612
470,2023-7-8,233440,630 ,315,309,4074,7953,4346,661,3666,18,619
471,2023-7-9,234040,600 ,315,309,4078,7964,4366,668,3685,18,628
472,2023-7-10,234480,440 ,315,309,4085,7966,4371,668,3686,18,632
473,2023-7-11,235020,540 ,315,310,4089,7983,4385,672,3693,18,640
474,2023-7-12,235530,510 ,315,310,4090,7990,4402,674,3726,18,647
475,2023-7-13,236040,510 ,315,310,4092,7999,4425,678,3752,18,652
476,2023-7-14,236590,550 ,315,310,4097,8008,4449,680,3783,18,662
477,2023-7-15,237180,590 ,315,310,4102,8019,4463,680,3807,18,664
478,2023-7-16,237680,500 ,315,310,4107,8026,4481,681,3820,18,666
479,2023-7-17,238300,620 ,315,310,4115,8034,4504,685,3828,18,677
480,2023-7-18,239010,710 ,315,310,4119,8051,4542,689,3839,18,677
481,2023-7-19,239480,470 ,315,310,4123,8059,4573,689,3885,18,683
482,2023-7-20,240010,530 ,315,310,4129,8065,4592,692,3918,18,685
483,2023-7-21,240690,680 ,315,310,4133,8080,4610,692,3933,18,686
484,2023-7-22,241330,640 ,315,310,4140,8096,4629,693,3944,18,691
485,2023-7-23,241960,630 ,315,310,4151,8105,4658,697,3958,18,696
486,2023-7-24,242620,660 ,315,310,4162,8118,4675,697,3963,18,698
487,2023-7-25,243220,600 ,315,310,4174,8131,4705,698,3977,18,703
488,2023-7-26,243680,460 ,315,311,4177,8136,4727,698,3993,18,708
489,2023-7-27,244270,590 ,315,311,4186,8147,4745,698,3996,18,708
490,2023-7-28,244830,560 ,315,311,4190,8161,4775,698,4007,18,709
491,2023-7-29,245220,390 ,315,311,4191,8167,4786,698,4007,18,710
492,2023-7-30,245700,480 ,315,311,4205,8178,4795,698,4011,18,711
493,2023-7-31,246190,490 ,315,311,4211,8188,4816,699,4017,18,715
494,2023-8-1,246690,500 ,315,311,4216,8205,4839,699,4027,18,718
495,2023-8-2,247230,540 ,315,311,4217,8213,4866,700,4042,18,718
496,2023-8-3,247850,620 ,315,311,4224,8234,4892,704,4077,18,721
497,2023-8-4,248490,640 ,315,311,4228,8249,4911,704,4104,18,724
498,2023-8-5,249110,620 ,315,311,4232,8251,4943,704,4116,18,730
499,2023-8-6,249700,590 ,315,311,4237,8262,4965,705,4126,18,734
500,2023-8-7,250240,540 ,315,311,4244,8270,4977,709,4154,18,735
501,2023-8-8,250800,560 ,315,312,4254,8278,4996,709,4158,18,737
502,2023-8-9,251620,820 ,315,312,4262,8290,5013,711,4175,18,742
503,2023-8-10,252200,580 ,315,313,4278,8303,5028,711,4179,18,746
504,2023-8-11,252780,580 ,315,313,4290,8318,5043,713,4197,18,756
505,2023-8-12,253290,510 ,315,313,4295,8324,5053,713,4201,18,759
506,2023-8-13,253850,560 ,315,313,4298,8335,5072,713,4204,18,760
507,2023-8-14,254380,530 ,315,313,4306,8354,5099,714,4213,18,766
508,2023-8-15,254920,540 ,315,314,4313,8370,5128,714,4242,18,769
509,2023-8-16,255570,650 ,315,314,4324,8380,5152,714,4248,18,773
510,2023-8-17,256050,480 ,315,314,4329,8398,5169,714,4272,18,773
511,2023-8-18,256510,460 ,315,316,4332,8410,5193,714,4276,18,783
512,2023-8-19,257010,500 ,315,316,4340,8424,5212,714,4282,18,785
513,2023-8-20,257470,460 ,315,316,4346,8435,5245,717,4304,18,790
514,2023-8-21,257930,460 ,315,316,4358,8449,5264,719,4309,18,794
515,2023-8-22,258340,410 ,315,316,4362,8476,5295,721,4312,18,797
516,2023-8-23,258820,480 ,315,316,4373,8488,5318,722,4324,18,800
517,2023-8-24,259160,340 ,315,316,4375,8511,5333,723,4344,18,801
518,2023-8-25,259630,470 ,315,316,4378,8521,5361,724,4356,18,802
519,2023-8-26,260270,640 ,315,316,4390,8539,5379,726,4367,18,804
520,2023-8-27,260820,550 ,315,316,4396,8554,5403,728,4378,18,808
521,2023-8-28,261310,490 ,315,316,4400,8562,5425,730,4383,18,809
522,2023-8-29,261840,530 ,315,316,4414,8579,5450,733,4387,18,820
523,2023-8-30,262410,570 ,315,316,4423,8596,5476,733,4395,18,825
524,2023-8-31,263020,610 ,315,316,4436,8604,5507,734,4417,18,830
525,2023-9-1,263490,470 ,315,316,4459,8613,5530,735,4421,18,831
526,2023-9-2,264060,570 ,315,316,4471,8637,5560,736,4433,18,835
527,2023-9-3,264660,600 ,315,316,4476,8649,5582,739,4444,18,841
528,2023-9-4,265120,460 ,315,316,4480,8663,5611,741,4481,19,847
529,2023-9-5,265680,560 ,315,316,4489,8670,5649,747,4512,19,851
530,2023-9-6,266290,610 ,315,316,4497,8682,5685,748,4519,19,852
531,2023-9-7,266900,610 ,315,316,4506,8703,5722,753,4541,19,859
532,2023-9-8,267540,640 ,315,316,4529,8726,5753,754,4570,19,860
533,2023-9-9,268140,600 ,315,316,4544,8739,5789,757,4588,19,870
534,2023-9-10,268630,490 ,315,316,4554,8755,5811,760,4593,19,872
535,2023-9-11,269210,580 ,315,316,4560,8767,5839,760,4628,19,877
536,2023-9-12,269760,550 ,315,316,4568,8778,5872,764,4645,19,881
537,2023-9-13,270350,590 ,315,316,4584,8792,5902,766,4650,19,884
538,2023-9-14,270970,620 ,315,316,4599,8810,5944,769,4697,20,889
539,2023-9-15,271440,470 ,315,316,4612,8814,5972,774,4714,20,889
540,2023-9-16,271790,350 ,315,316,4616,8824,5988,774,4738,20,891
541,2023-9-17,272320,530 ,315,316,4620,8828,6003,776,4742,20,896
542,2023-9-18,272940,620 ,315,316,4623,8834,6027,776,4769,20,901
543,2023-9-19,273460,520 ,315,316,4628,8851,6062,778,4784,20,903
544,2023-9-20,273980,520 ,315,316,4635,8868,6096,779,4821,20,906
545,2023-9-21,274470,490 ,315,316,4638,8883,6137,781,4850,20,911
546,2023-9-22,274950,480 ,315,316,4644,8891,6177,785,4858,20,912
547,2023-9-23,275460,510 ,315,316,4655,8912,6210,789,4867,20,912
548,2023-9-24,275850,390 ,315,316,4662,8914,6233,789,4888,20,914
549,2023-9-25,276270,420 ,315,316,4667,8927,6260,791,4895,20,918
550,2023-9-26,276670,400 ,315,316,4672,8946,6299,792,4924,20,925
551,2023-9-27,276990,320 ,315,316,4675,8950,6337,792,4948,20,927
552,2023-9-28,277320,330 ,315,316,4679,8962,6375,793,4957,20,929
553,2023-9-29,277660,340 ,315,316,4687,8972,6409,794,4991,20,930
554,2023-9-30,278130,470 ,315,316,4691,8984,6447,796,5006,20,932
555,2023-10-1,278570,440 ,316,316,4702,8991,6477,798,5043,20,933
556,2023-10-2,279080,510 ,316,316,4712,9000,6525,801,5061,20,938
557,2023-10-3,279440,360 ,315,316,4732,9008,6565,801,5080,20,943
558,2023-10-4,279890,450 ,315,316,4745,9026,6612,802,5121,20,946
559,2023-10-5,280470,580 ,315,316,4757,9052,6643,804,5129,20,948
560,2023-10-6,281090,620 ,315,316,4777,9082,6666,806,5158,20,951
561,2023-10-7,281700,610 ,315,316,4800,9102,6688,808,5185,20,956
562,2023-10-8,282280,580 ,315,316,4821,9123,6705,808,5190,20,959
563,2023-10-9,282630,350 ,315,316,4823,9126,6706,808,5190,20,959
564,2023-10-10,283080,450 ,315,316,4829,9129,6713,808,5207,20,961
565,2023-10-11,283900,820 ,316,316,4863,9220,6731,809,5226,20,965
566,2023-10-12,284890,990 ,316,316,4905,9264,6763,811,5247,20,966
567,2023-10-13,285920,1030 ,316,316,4931,9313,6807,811,5264,20,967
568,2023-10-14,286890,970 ,317,316,4940,9337,6833,811,5265,20,971
569,2023-10-15,287770,880 ,317,316,4948,9362,6866,813,5269,20,976
570,2023-10-16,288630,860 ,318,317,4965,9385,6910,814,5280,20,981
571,2023-10-17,289430,800 ,318,317,4979,9405,6936,814,5291,20,982
572,2023-10-18,290050,620 ,319,323,4981,9420,6944,814,5301,20,982
573,2023-10-19,290680,630 ,320,324,4992,9437,6983,818,5318,20,985
574,2023-10-20,292060,1380 ,320,324,5047,9557,7012,822,5326,20,985
575,2023-10-21,292850,790 ,320,324,5063,9612,7017,822,5330,20,990
576,2023-10-22,293830,980 ,320,324,5081,9631,7032,825,5339,20,991
577,2023-10-23,294700,870 ,320,324,5093,9653,7057,825,5345,20,998
578,2023-10-24,295510,810 ,320,324,5105,9669,7081,828,5363,20,1006
579,2023-10-25,296310,800 ,320,324,5112,9697,7125,833,5372,20,1007
580,2023-10-26,297120,810 ,320,324,5141,9715,7155,834,5389,20,1010
581,2023-10-27,297680,560 ,320,324,5145,9726,7162,834,5390,20,1011
582,2023-10-28,298420,740 ,320,324,5167,9749,7180,834,5399,20,1011
583,2023-10-29,299080,660 ,320,324,5175,9758,7188,834,5399,20,1012
584,2023-10-30,299940,860 ,321,324,5190,9775,7202,834,5419,20,1014
585,2023-10-31,300810,870 ,321,324,5211,9804,7227,844,5440,20,1016
586,2023-11-1,301490,680 ,321,324,5223,9834,7250,846,5468,20,1019
587,2023-11-2,302420,930 ,322,324,5241,9877,7292,850,5488,20,1032
588,2023-11-3,303270,850 ,322,324,5265,9901,7328,854,5495,20,1034
589,2023-11-4,304100,830 ,322,324,5276,9939,7363,861,5534,20,1038
590,2023-11-5,305090,990 ,322,324,5284,9953,7375,867,5534,20,1047
591,2023-11-6,305970,880 ,322,324,5288,9958,7389,867,5554,20,1047
592,2023-11-7,306860,890 ,322,324,5293,9974,7410,869,5557,20,1049
593,2023-11-8,307640,780 ,322,324,5301,9996,7439,872,5567,20,1054
594,2023-11-9,308720,1080 ,322,324,5316,10014,7475,875,5593,20,1059
595,2023-11-10,309520,800 ,322,324,5317,10017,7489,877,5595,20,1060
596,2023-11-11,310650,1130 ,322,324,5342,10041,7527,879,5620,22,1069
597,2023-11-12,311750,1100 ,322,324,5349,10073,7559,881,5632,22,1078
598,2023-11-13,312550,800 ,322,324,5354,10079,7569,881,5634,22,1079
599,2023-11-14,313470,920 ,322,324,5362,10086,7589,882,5649,22,1081
600,2023-11-15,314290,820 ,323,324,5377,10104,7647,884,5675,22,1083
601,2023-11-16,315620,1330 ,323,324,5388,10121,7683,892,5689,22,1084
602,2023-11-17,316760,1140 ,323,324,5415,10132,7712,895,5709,22,1086
603,2023-11-18,317380,620 ,323,324,5422,10141,7726,896,5726,22,1090
604,2023-11-19,318570,1190 ,323,324,5435,10166,7744,898,5755,22,1096
605,2023-11-20,319210,640 ,323,324,5439,10168,7748,899,5764,22,1097
606,2023-11-21,319820,610 ,323,324,5439,10174,7752,899,5771,22,1098
607,2023-11-22,320670,850 ,323,324,5446,10188,7769,899,5784,22,1105
608,2023-11-23,321800,1130 ,323,324,5466,10224,7802,902,5799,22,1107
609,2023-11-24,322900,1100 ,323,324,5496,10256,7833,904,5800,22,1108
610,2023-11-25,323760,860 ,323,324,5502,10263,7851,905,5808,22,1112
611,2023-11-26,324830,1070 ,323,324,5513,10279,7874,907,5901,22,1113
612,2023-11-27,325580,750 ,323,324,5520,10282,7875,907,5905,22,1113
613,2023-11-28,326440,860 ,323,324,5523,10285,7876,907,5905,22,1113
614,2023-11-29,327580,1140 ,323,324,5538,10312,7908,910,5944,22,1121
615,2023-11-30,328760,1180 ,323,324,5551,10340,7909,910,5954,22,1124
616,2023-12-1,330040,1280 ,323,324,5564,10372,7931,912,5976,22,1137
617,2023-12-2,331110,1070 ,323,324,5571,10385,7941,913,5994,22,1138
618,2023-12-3,332040,930 ,323,324,5575,10396,7949,913,5995,22,1140
619,2023-12-4,332810,770 ,323,324,5580,10401,7961,913,6017,22,1141
620,2023-12-5,333840,1030 ,323,324,5587,10416,7987,913,6032,22,1148
621,2023-12-6,335110,1270 ,324,324,5600,10456,8024,919,6083,22,1153
622,2023-12-7,336230,1120 ,324,324,5618,10482,8045,919,6116,22,1156
623,2023-12-8,337220,990 ,324,324,5626,10508,8057,919,6136,22,1159
624,2023-12-9,338120,900 ,324,324,5632,10519,8058,919,6136,22,1159
625,2023-12-10,338820,700 ,324,324,5636,10529,8064,919,6136,22,1162
626,2023-12-11,339850,1030 ,324,324,5655,10560,8070,919,6154,22,1168
627,2023-12-12,340650,800 ,324,324,5664,10579,8073,919,6163,22,1170
628,2023-12-13,341500,850 ,324,324,5682,10594,8076,919,6173,22,1176
629,2023-12-14,342800,1300 ,324,324,5692,10616,8088,920,6206,22,1185
630,2023-12-15,343890,1090 ,324,324,5706,10654,8099,920,6226,22,1189
631,2023-12-16,344820,930 ,324,324,5720,10667,8100,920,6238,22,1190
632,2023-12-17,346070,1250 ,324,324,5739,10692,8137,923,6278,22,1194
633,2023-12-18,347160,1090 ,324,324,5783,10752,8175,926,6290,22,1198
634,2023-12-19,348300,1140 ,324,324,5798,10771,8190,926,6299,22,1200
635,2023-12-20,349190,890 ,324,324,5814,10794,8206,928,6316,22,1203
636,2023-12-21,350270,1080 ,324,324,5828,10825,8226,932,6342,22,1208
637,2023-12-22,351350,1080 ,324,324,5837,10843,8250,932,6365,22,1217
638,2023-12-23,352390,1040 ,327,324,5854,10871,8286,932,6384,22,1223
639,2023-12-24,353190,800 ,327,324,5858,10888,8314,932,6404,22,1229
640,2023-12-25,353950,760 ,329,324,5877,10919,8347,934,6436,22,1234
641,2023-12-26,354960,1010 ,329,324,5899,10956,8366,934,6458,23,1239
642,2023-12-27,355750,790 ,329,324,5913,10973,8376,934,6471,23,1240
643,2023-12-28,356670,920 ,329,324,5940,11015,8391,935,6503,23,1247
644,2023-12-29,357520,850 ,329,324,5953,11033,8417,938,6539,23,1254
645,2023-12-30,358270,750 ,329,324,5969,11053,8434,939,6554,23,1260
646,2023-12-31,359230,960 ,329,324,5977,11070,8464,943,6591,23,1268
647,2024-1-1,360010,780 ,329,324,5983,11087,8482,943,6657,23,1277
648,2024-1-2,360820,810 ,329,324,5990,11100,8531,945,6710,23,1284
649,2024-1-3,361500,680 ,329,324,5990,11107,8546,945,6748,23,1298
650,2024-1-4,362280,780 ,329,324,6002,11128,8574,947,6753,23,1304
651,2024-1-5,363070,790 ,329,324,6011,11142,8604,949,6771,23,1313
652,2024-1-6,363870,800 ,329,324,6018,11158,8617,950,6787,23,1317
653,2024-1-7,364730,860 ,329,324,6022,11180,8653,951,6811,23,1327
654,2024-1-8,365170,440 ,329,324,6031,11194,8666,953,6822,23,1328
655,2024-1-9,365990,820 ,329,324,6036,11203,8672,954,6823,23,1333
656,2024-1-10,366790,800 ,329,324,6038,11216,8684,956,6834,23,1336
657,2024-1-11,367620,830 ,329,324,6050,11238,8699,957,6834,23,1337
658,2024-1-12,368460,840 ,329,324,6060,11254,8710,957,6836,23,1339
659,2024-1-13,369160,700 ,329,324,6065,11269,8728,957,6848,23,1345
660,2024-1-14,370000,840 ,329,324,6075,11302,8747,957,6861,23,1353
661,2024-1-15,370980,980 ,329,324,6089,11322,8771,958,6865,23,1356
662,2024-1-16,372090,1110 ,331,324,6113,11358,8801,961,6877,23,1365
663,2024-1-17,372820,730 ,331,324,6126,11372,8811,964,6884,23,1367
664,2024-1-18,373600,780 ,331,324,6147,11410,8835,966,6925,23,1380
665,2024-1-19,374520,920 ,331,324,6167,11445,8854,966,6929,23,1384
666,2024-1-20,375270,750 ,331,324,6171,11455,8868,967,6934,23,1389
667,2024-1-21,376030,760 ,331,324,6181,11466,8875,968,6936,23,1392
668,2024-1-22,376860,830 ,331,324,6192,11489,8896,968,6961,23,1397
669,2024-1-23,377820,960 ,331,324,6214,11548,8947,970,6961,23,1409
670,2024-1-24,378660,840 ,331,324,6227,11579,9008,971,6998,23,1416
671,2024-1-25,379610,950 ,331,324,6257,11621,9067,972,7033,23,1420
672,2024-1-26,380600,990 ,331,324,6265,11637,9082,972,7033,23,1425
673,2024-1-27,381370,770 ,331,324,6271,11652,9085,972,7037,23,1433
674,2024-1-28,382110,740 ,331,324,6280,11671,9097,972,7041,23,1436
675,2024-1-29,383180,1070 ,331,324,6290,11696,9113,972,7049,23,1443
676,2024-1-30,384140,960 ,332,324,6300,11725,9144,972,7084,23,1448
677,2024-1-31,385230,1090 ,332,324,6310,11757,9195,974,7100,23,1452
678,2024-2-1,386230,1000 ,332,324,6322,11773,9228,976,7136,23,1462
679,2024-2-2,387060,830 ,332,324,6331,11792,9274,978,7146,24,1470
680,2024-2-3,387940,880 ,332,324,6341,11805,9300,979,7161,24,1473
681,2024-2-4,388750,810 ,332,324,6343,11818,9331,979,7173,24,1479
682,2024-2-5,389560,810 ,332,324,6348,11822,9349,979,7173,24,1486
683,2024-2-6,390580,1020 ,332,324,6365,11857,9367,979,7173,24,1496
684,2024-2-7,391470,890 ,332,324,6372,11879,9387,980,7177,24,1497
685,2024-2-8,392380,910 ,332,325,6383,11899,9411,980,7191,24,1505
686,2024-2-9,393290,910 ,332,325,6385,11921,9435,981,7209,24,1509
687,2024-2-10,394270,980 ,332,325,6394,11942,9459,981,7235,24,1512
688,2024-2-11,395200,930 ,332,325,6406,11956,9475,981,7257,24,1513
689,2024-2-12,395990,790 ,332,325,6416,11977,9481,981,7302,24,1514
690,2024-2-13,397080,1090 ,332,325,6424,12004,9500,981,7332,24,1518
691,2024-2-14,398140,1060 ,332,325,6433,12043,9566,984,7371,24,1523
692,2024-2-15,399090,950 ,332,325,6442,12090,9620,984,7404,25,1524
693,2024-2-16,400300,1210 ,332,325,6465,12129,9641,984,7408,25,1528
694,2024-2-17,401350,1050 ,332,325,6476,12145,9669,984,7413,25,1533
695,2024-2-18,402430,1080 ,335,325,6487,12198,9709,984,7449,25,1540
696,2024-2-19,403720,1290 ,336,325,6498,12232,9733,986,7460,25,1545
697,2024-2-20,404950,1230 ,338,325,6503,12268,9773,988,7521,25,1551
698,2024-2-21,406080,1130 ,338,325,6516,12338,9826,992,7560,25,1558
699,2024-2-22,407240,1160 ,339,325,6523,12373,9867,997,7596,25,1566
700,2024-2-23,408240,1000 ,339,325,6526,12410,9916,999,7628,25,1575
701,2024-2-24,409010,770 ,340,325,6534,12425,9952,999,7659,25,1576
702,2024-2-25,409820,810 ,340,325,6542,12441,9981,999,7681,25,1578
703,2024-2-26,410700,880 ,340,325,6555,12478,9993,1000,7707,25,1580
704,2024-2-27,411550,850 ,340,325,6556,12494,10009,1000,7729,25,1588
705,2024-2-28,412610,1060 ,342,325,6570,12508,10029,1000,7753,25,1594
706,2024-2-29,413760,1150 ,342,325,6593,12552,10070,1000,7768,25,1601
707,2024-3-1,414680,920 ,345,325,6610,12582,10106,1000,7794,25,1611
708,2024-3-2,415640,960 ,346,325,6624,12611,10153,1003,7829,25,1617
709,2024-3-3,416800,1160 ,347,325,6640,12639,10188,1003,7843,25,1620
710,2024-3-4,417950,1150 ,347,325,6648,12660,10210,1004,7845,25,1621
711,2024-3-5,419020,1070 ,347,325,6657,12688,10258,1007,7863,25,1630
712,2024-3-6,420270,1250 ,347,325,6678,12728,10308,1008,7921,26,1642
713,2024-3-7,421430,1160 ,347,325,6695,12779,10350,1009,7963,26,1647
714,2024-3-8,422310,880 ,347,325,6706,12798,10375,1011,7998,26,1656
715,2024-3-9,423160,850 ,347,325,6712,12823,10428,1012,8041,26,1666
716,2024-3-10,424060,900 ,347,325,6731,12850,10466,1015,8082,26,1672
717,2024-3-11,424980,920 ,347,325,6739,12874,10499,1016,8141,26,1686
718,2024-3-12,425890,910 ,347,325,6747,12901,10522,1016,8184,26,1691
719,2024-3-13,426870,980 ,347,325,6752,12921,10554,1017,8205,26,1699
720,2024-3-14,427840,970 ,347,325,6757,12938,10565,1017,8220,26,1708
721,2024-3-15,428420,580 ,347,325,6758,12949,10580,1017,8254,26,1711
722,2024-3-16,429580,1160 ,347,325,6779,12973,10606,1017,8268,26,1712
723,2024-3-17,430740,1160 ,347,325,6790,12997,10634,1017,8272,26,1723
724,2024-3-18,431550,810 ,347,325,6809,13014,10668,1017,8308,26,1731
725,2024-3-19,432390,840 ,347,325,6819,13049,10698,1017,8318,26,1735
726,2024-3-20,433090,700 ,347,325,6828,13058,10714,1017,8355,26,1738
727,2024-3-21,433840,750 ,347,325,6832,13074,10740,1018,8365,26,1741
728,2024-3-22,434710,870 ,347,325,6840,13111,10775,1018,8388,26,1749
729,2024-3-23,435760,1050 ,347,325,6852,13130,10811,1018,8463,26,1768
730,2024-3-24,436750,990 ,347,325,6876,13158,10855,1018,8510,26,1778
731,2024-3-25,437390,640 ,347,325,6887,13183,10877,1018,8539,26,1785
732,2024-3-26,438160,770 ,347,325,6893,13207,10904,1019,8553,26,1789
733,2024-3-27,439190,1030 ,347,325,6904,13216,10931,1019,8578,26,1794
734,2024-3-28,439970,780 ,347,325,6914,13237,10963,1021,8600,26,1800
735,2024-3-29,440790,820 ,347,325,6922,13264,10991,1023,8656,26,1807
736,2024-3-30,441520,730 ,347,325,6951,13284,11006,1023,8701,26,1814
737,2024-3-31,442170,650 ,347,325,6966,13304,11050,1023,8731,26,1823
738,2024-4-1,442880,710 ,347,325,6986,13321,11082,1023,8757,26,1826
739,2024-4-2,443660,780 ,347,325,6998,13350,11112,1023,8779,26,1832
740,2024-4-3,444370,710 ,347,325,7009,13368,11142,1025,8796,26,1838
741,2024-4-4,445040,670 ,347,325,7018,13386,11171,1026,8817,26,1845
742,2024-4-5,445900,860 ,347,325,7033,13459,11221,1029,8847,26,1849
743,2024-4-6,446690,790 ,347,325,7057,13497,11262,1032,8895,26,1854
744,2024-4-7,447510,820 ,347,325,7074,13551,11316,1036,8956,26,1864
745,2024-4-8,448400,890 ,347,325,7087,13575,11356,1039,8996,26,1867
746,2024-4-9,449250,850 ,347,325,7110,13620,11386,1039,9033,26,1868
747,2024-4-10,450080,830 ,347,325,7132,13667,11404,1040,9070,26,1876
748,2024-4-11,450890,810 ,347,325,7137,13679,11452,1040,9104,26,1882
749,2024-4-12,451730,840 ,347,325,7146,13698,11486,1042,9161,26,1888
750,2024-4-13,452760,1030 ,347,325,7169,13745,11518,1045,9201,26,1893
751,2024-4-14,453650,890 ,347,325,7174,13765,11552,1046,9235,26,1905
752,2024-4-15,454420,770 ,347,325,7180,13796,11593,1046,9266,26,1908
753,2024-4-16,455340,920 ,347,325,7189,13809,11609,1046,9277,26,1908
754,2024-4-17,456050,710 ,347,325,7193,13827,11624,1046,9279,26,1910
755,2024-4-18,456960,910 ,347,325,7196,13835,11637,1046,9284,26,1915
756,2024-4-19,457830,870 ,347,325,7205,13852,11658,1046,9311,26,1915
757,2024-4-20,458580,750 ,348,325,7213,13873,11678,1046,9341,26,1918
758,2024-4-21,459530,950 ,348,325,7229,13896,11719,1046,9379,26,1926
759,2024-4-22,460260,730 ,348,325,7236,13904,11736,1046,9384,26,1934
760,2024-4-23,461060,800 ,348,325,7241,13916,11765,1046,9407,26,1936
761,2024-4-24,461940,880 ,348,325,7242,13928,11808,1048,9439,26,1944
762,2024-4-25,462980,1040 ,348,325,7255,13942,11836,1049,9449,26,1946
763,2024-4-26,463930,950 ,348,325,7262,13957,11867,1049,9461,26,1962
764,2024-4-27,465054,1124 ,348,325,7268,13971,11905,1049,9485,26,1968
765,2024-4-28,466150,1096 ,348,325,7279,13991,11948,1050,9507,26,1971
766,2024-4-29,467470,1320 ,348,325,7285,14007,11985,1051,9528,26,1974
767,2024-4-30,468720,1250 ,348,325,7307,14046,12011,1053,9531,26,1977
768,2024-5-1,469840,1120 ,348,325,7312,14067,12024,1053,9538,26,1980
769,2024-5-2,470870,1030 ,348,325,7332,14096,12044,1053,9561,26,1988
770,2024-5-3,472140,1270 ,348,325,7354,14129,12102,1053,9580,26,1993
771,2024-5-4,473400,1260 ,348,325,7366,14156,12148,1055,9611,26,2001
772,2024-5-5,474260,860 ,349,325,7375,14179,12212,1057,9636,26,2002
773,2024-5-6,475300,1040 ,349,325,7380,14213,12250,1057,9683,26,2008
774,2024-5-7,476460,1160 ,349,325,7405,14227,12287,1057,9717,26,2017
775,2024-5-8,477430,970 ,349,325,7418,14246,12317,1057,9728,26,2019
776,2024-5-9,478730,1300 ,349,325,7429,14281,12340,1058,9775,26,2027
777,2024-5-10,479710,980 ,349,325,7434,14313,12387,1062,9826,26,2031
778,2024-5-11,481030,1320 ,349,325,7449,14353,12442,1064,9868,26,2040
779,2024-5-12,482290,1260 ,350,325,7454,14375,12472,1066,9910,26,2042
780,2024-5-13,484030,1740 ,350,325,7485,14417,12487,1070,9936,26,2048
781,2024-5-14,485430,1400 ,351,325,7496,14460,12515,1070,9985,26,2054
782,2024-5-15,486940,1510 ,351,325,7510,14508,12538,1070,10015,26,2061
783,2024-5-16,488460,1520 ,351,325,7529,14538,12565,1070,10028,26,2062
784,2024-5-17,489870,1410 ,353,326,7547,14552,12603,1071,10073,26,2069
785,2024-5-18,491080,1210 ,354,326,7560,14595,12639,1071,10108,26,2075
786,2024-5-19,492290,1210 ,354,326,7576,14630,12687,1074,10155,26,2077
787,2024-5-20,493690,1400 ,354,326,7590,14665,12737,1076,10236,27,2079
788,2024-5-21,495070,1380 ,354,326,7605,14699,12779,1077,10290,27,2085
789,2024-5-22,496370,1300 ,354,326,7611,14721,12820,1077,10346,27,2090
790,2024-5-23,497700,1330 ,355,326,7622,14748,12860,1077,10391,27,2094
791,2024-5-24,498940,1240 ,356,326,7635,14775,12902,1080,10401,27,2101
792,2024-5-25,500080,1140 ,356,326,7650,14786,12929,1082,10414,27,2104
793,2024-5-26,501190,1110 ,357,326,7662,14803,12953,1083,10425,27,2111
794,2024-5-27,502340,1150 ,357,326,7671,14818,12981,1084,10467,27,2118
795,2024-5-28,503800,1460 ,357,326,7692,14858,13029,1085,10482,27,2122
796,2024-5-29,505100,1300 ,357,326,7700,14891,13066,1087,10510,27,2142
797,2024-5-30,506260,1160 ,357,326,7710,14913,13101,1088,10532,27,2153
798,2024-5-31,507650,1390 ,357,326,7728,14935,13140,1088,10587,27,2164
799,2024-6-1,508780,1130 ,357,326,7740,14947,13184,1088,10617,27,2181
800,2024-6-2,509860,1080 ,357,326,7765,14980,13233,1089,10699,27,2195
801,2024-6-3,511130,1270 ,357,326,7779,15002,13280,1090,10739,27,2199
802,2024-6-4,512420,1290 ,357,326,7794,15020,13345,1092,10766,27,2211
803,2024-6-5,513700,1280 ,357,326,7806,15036,13385,1092,10805,27,2223
804,2024-6-6,515000,1300 ,357,326,7828,15076,13433,1095,10846,27,2230
805,2024-6-7,516080,1080 ,357,326,7834,15096,13497,1095,10886,28,2238
806,2024-6-8,517290,1210 ,357,326,7843,15105,13533,1095,10945,28,2248
807,2024-6-9,518560,1270 ,357,326,7869,15131,13593,1097,10982,28,2253
,,,,,,,,,,,,
,,,,,,,,,,,,
,,,,,,,,,,,,
,,,,,,,,,,,,
,,,,,,,,,,,,
,,,,,,,,,,,,
,,,,,,,,,,,,
,,,,,,,,,,,,
,,,,,,,,,,,,
,,,,,,,,,,,,
,,,,,,,,,,,,
,,,,,,,,,,,,
,,,,,,,,,,,,
,,,,,,,,,,,,
,,,,,,,,,,,,
,,,,,,,,,,,,
,,,,,,,,,,,,
,,,,,,,,,,,,
,,,,,,,,,,,,
,,,,,,,,,,,,
,,,,,,,,,,,,
,,,,,,,,,,,,
,,,,,,,,,,,,
,,,,,,,,,,,,
,,,,,,,,,,,,
,,,,,,,,,,,,
,,,,,,,,,,,,
,,,,,,,,,,,,
,,,,,,,,,,,,
,,,,,,,,,,,,
,,,,,,,,,,,,
